"Status","Start Time","Stop Time","Duration in ms","Parent Suite","Suite","Sub Suite","Test Class","Test Method","Name","Description"
"passed","Sun Oct 04 21:45:49 UTC 2026","Sun Oct 04 21:45:50 UTC 2026","544","Phoenix API Test Suite","Inwarranty Flow Test","com.api.tests.SearchJobAPITest","com.api.tests.SearchJobAPITest","searchJobAPITest","Verify if the search api is working properly","Verify if the search api is working properly"
"passed","Sun Oct 04 21:45:39 UTC 2026","Sun Oct 04 21:45:43 UTC 2026","3804","Phoenix API Test Suite","Inwarranty Flow Test","com.api.tests.LoginAPITest","com.api.tests.LoginAPITest","loginAPITest","Verifying if login api is working for FD user","Verifying if login api is working for FD user"
"passed","Sun Oct 04 21:45:45 UTC 2026","Sun Oct 04 21:45:47 UTC 2026","2090","Phoenix API Test Suite","Inwarranty Flow Test","com.api.tests.DetailsAPITest","com.api.tests.DetailsAPITest","detailsAPIRequest","Validating Details api request","Validating Details api request"
"passed","Sun Oct 04 21:45:43 UTC 2026","Sun Oct 04 21:45:44 UTC 2026","1146","Phoenix API Test Suite","Inwarranty Flow Test","com.api.tests.UserDetailsAPITest","com.api.tests.UserDetailsAPITest","userDetailsAPITest","Verify if the Userdetails API response is shown correctly","Verify if the Userdetails API response is shown correctly"
"failed","Sun Oct 04 21:45:50 UTC 2026","Sun Oct 04 21:45:51 UTC 2026","539","Phoenix API Test Suite","Inwarranty Flow Test","com.api.tests.CreateJobAPIWithDBValidationWithResponseModelTest","com.api.tests.CreateJobAPIWithDBValidationWithResponseModelTest","createJobAPITest","Verify if the create job api able to create Inwarranty job",""
"passed","Sun Oct 04 21:45:44 UTC 2026","Sun Oct 04 21:45:45 UTC 2026","638","Phoenix API Test Suite","Inwarranty Flow Test","com.api.tests.CountAPITest","com.api.tests.CountAPITest","verifyCountAPIResponse","Verify if the count API response is giving correct response","Verify if the count API response is giving correct response"
"passed","Sun Oct 04 21:45:48 UTC 2026","Sun Oct 04 21:45:48 UTC 2026","685","Phoenix API Test Suite","Inwarranty Flow Test","com.api.tests.MasterAPITest","com.api.tests.MasterAPITest","masterAPITest","Verify if the master API response is giving correct response","Verify if the master API response is giving correct response"
"failed","Sun Oct 04 21:45:50 UTC 2026","Sun Oct 04 21:45:50 UTC 2026","542","Phoenix API Test Suite","Inwarranty Flow Test","com.api.tests.CreateJobAPIWithDBValidationTest","com.api.tests.CreateJobAPIWithDBValidationTest","createJobAPITest","Verify if the create job api able to create Inwarranty job",""
"failed","Sun Oct 04 21:45:48 UTC 2026","Sun Oct 04 21:45:49 UTC 2026","621","Phoenix API Test Suite","Inwarranty Flow Test","com.api.tests.CreateJobAPITest","com.api.tests.CreateJobAPITest","createJobAPITest","Verifying if FD is able to use create job api and Inwarranty job is created","Verifying if FD is able to use create job api and Inwarranty job is created"
"passed","Sun Oct 04 21:45:47 UTC 2026","Sun Oct 04 21:45:48 UTC 2026","505","Phoenix API Test Suite","Inwarranty Flow Test","com.api.tests.MasterAPITest","com.api.tests.MasterAPITest","invalidTokenMasterAPITest","Verify if the master API response is giving correct status code for invalid token",""
"passed","Sun Oct 04 21:45:44 UTC 2026","Sun Oct 04 21:45:44 UTC 2026","646","Phoenix API Test Suite","Inwarranty Flow Test","com.api.tests.CountAPITest","com.api.tests.CountAPITest","countAPITest_MissingAuthToken","Verify if the count API response is giving correct status code for invalid token",""
